<?xml version="1.0" encoding="UTF-8"?>
<modification>
    <name>Octifi Payment Method</name>
    <version>1.0</version>
    <code>Octifi Payment Method</code>
    <author>opencart extenion</author>
    <link>https://opencart-extension.com/</link>
    <file path="catalog/controller/product/product.php">
        <operation>
            <search><![CDATA[$data['price'] = $this->currency->format($this->tax->calculate($product_info['price'], $product_info['tax_class_id'], $this->config->get('config_tax')), $this->session->data['currency']);]]></search>
            <add position="after"><![CDATA[$data['divide_price']=$this->currency->format(round($this->tax->calculate($product_info['price'], $product_info['tax_class_id'], $this->config->get('config_tax'))/ 3), $this->session->data['currency']);]]></add>
        </operation>
        <operation>
            <search><![CDATA[$data['price'] = false;]]></search>
            <add position="after"><![CDATA[$data['divide_price']=false;]]></add>
        </operation>
        <operation>
            <search><![CDATA[$data['special'] = $this->currency->format($this->tax->calculate($product_info['special'], $product_info['tax_class_id'], $this->config->get('config_tax')), $this->session->data['currency']);]]></search>
            <add position="after"><![CDATA[$data['dividespecialprice']=$this->currency->format(round($this->tax->calculate($product_info['special'], $product_info['tax_class_id'], $this->config->get('config_tax'))/3),$this->session->data['currency']);]]></add>
        </operation>
                <operation>
            <search><![CDATA[$data['special'] = false;]]></search>
            <add position="after"><![CDATA[$data['dividespecialprice']="false";]]></add>
        </operation>
        <operation>
            <search><![CDATA[$data['points'] = $product_info['points'];]]></search>
            <add position="after"><![CDATA[
            $data['payment_octifi_statues']=$this->config->get('payment_octifi_status');
            $data['payment_octifi_instalment_text']=$this->config->get('payment_octifi_instalment_text');
            if ($this->request->server['HTTPS']) {
            $data['imagepath'] = $this->config->get('config_ssl');
        } else {
            $data['imagepath'] = $this->config->get('config_url');
        }]]></add>
        </operation>
    </file>
    <file path="catalog/view/theme/*/template/product/product.twig">
        <operation>
            <search><![CDATA[<div class="form-group">]]></search>
            <add position="before"><![CDATA[    {% if payment_octifi_statues=="1" and payment_octifi_instalment_text =="1" %}        <p class="checkout-text-octifi">Pay only <span id="checkout-newpayment">{% if  dividespecialprice=="false" %}{{ divide_price }}{% else %}{{ dividespecialprice }}{% endif %}
</span> today with <img src="{{ imagepath }}image/octifi/logo.png" style="width:50px; margin: 0px auto;"> instalments</p>
            <p id="OpenDialog">Learn more&gt;&gt;</p>
            <!--Creates the popup body-->
<div class="modal-ocitifi">
    <div class="moda-ocitifi-dialog">
        <div class="modal-content-wrap">
            <div class="popup-overlay">
                <!--Creates the popup content-->
                <div class="popup-content">
                    <a href="javascript:void(0)" class="close-btn">X</a>
                    <div class="top-head-image">
                        <img src="{{ imagepath }}image/octifi/logo.png" class="img-fluid" alt="logo">
                        <h5 class="head-title">Be the savvy customer and choose OctiFi at checkout </h5>
                    </div>
                    <div class="cstm-row">
                        <div class="cstm-col">
                            <div class="checkout-card">
                                <img src="{{ imagepath }}image/octifi/Pay-only-1_3-today-icon.gif" class="img-fluid" alt="card-img">
                                <h6>Pay only 1/3 today</h6>
                                <p>We pay the store full, and you pay us in 3 instalment,  <b>0% interest with no hidden fees</b></p>
                            </div>
                        </div>
                        
                        <div class="cstm-col">
                            <div class="checkout-card  both-debit">
                                <img src="{{ imagepath }}image/octifi/Usebothcreditn debitcard.gif" class="img-fluid" alt="card-img">
                                <h6>Use both debit or credit card</h6>
                                <p>No credit card? No problem! We accept any Singapore Banks issue debit cards.</p>
                            </div>
                        </div>
                        
                        <div class="cstm-col">
                            <div class="checkout-card">
                                <img src="{{ imagepath }}image/octifi/Earncashbackicon.gif" class="img-fluid" alt="card-img">
                                <h6>Earn 1.5% cashback </h6>
                                <p>Have more cash to spare? Pay more upfront and earn additional 1.5% cashback from us!</p>
                            </div>
                        </div>
                    </div>
                    <div class="footer-title">
                        <h5 class="head-title">Pay with your preferred payment methods</h5>
                        <ul class="payment-img">
                            <li><img src="{{ imagepath }}image/octifi/visa.png"></li>
                            <li><img src="{{ imagepath }}image/octifi/mastercard.png"></li>
                            <li class="american-img"><img src="{{ imagepath }}image/octifi/American-express.png"></li>
                        </ul>
                        <div class="link-footer">
                            <p>Terms and Condition Applies.<a href="https://octifi.com/paylater_terms/">See full Ts & Cs here >></a>
                        </div>
                    </div>
                </div>
            </div>
        </div>
    </div>
</div>
{% endif %}
<!--Add Custom Content Before 'Add To Cart' Button On Product Page--->]]></add>
        </operation>
            <operation>
            <search><![CDATA[{{ footer }} ]]></search>
            <add position="before"><![CDATA[ <style>
@import url('https://fonts.googleapis.com/css2?family=Krub:wght@200;300;400;500;600;700&display=swap');
.modal-backdrop.show {
    opacity: .5;
}
.modal-backdrop.fade {
    opacity: 0;
}
.fade.show {
    opacity: 0.2;
}
.modal-backdrop {
    z-index: 1071;
}
.modal-backdrop {
    position: fixed;
    top: 0;
    right: 0;
    bottom: 0;
    left: 0;
    z-index: 1;
    background-color: #000;
}
.fade {
    opacity: 0;
    transition: opacity .15s linear;
}
.popup-overlay {
    font-family: 'Krub', sans-serif;
    visibility: hidden;
    position: absolute;   
    transform: translate(-50%, -50%) translateY(-15%);
    background: #ffffff;
    border: none;
    width: 100%;
    margin: 0 auto;
    height: auto;
    box-shadow: 0px 1px 7px -3px #585858;
    border-radius: 100px;
    z-index: 9;
    padding: 30px;
    transition: transform .3s ease-in;
}
.modal-ocitifi {
    position: fixed;
    top: 50%;
    left: 50%;
    transform: translate(-50%, -50%);
    z-index: 999;
    height: 84vh;
    max-width: 586px;
    width: 100%;
    opacity: 0;
    display: none;
    overflow-x: hidden;
    overflow-y: auto;
}
.modal-ocitifi.show {
    display: block;
    opacity: 1;
    visibility: visible;
}
.moda-ocitifi-dialog {
    min-height: 100%;
    display: flex;
    align-items: center;
    justify-content: center;
    width: 100%;
}
.popup-overlay.active {
  /*displays pop-up when "active" class is present*/
  visibility: visible;
  text-align: center;
  transform: translate(-50%, -50%) translateY(0);
    transition: transform .3s ease-in;
}


.popup-content {
  /*Hides pop-up content when there is no "active" class */
  visibility: hidden;
}

.popup-content.active {
  /*Shows pop-up content when "active" class is present */
  visibility: visible;
}

button {
  display: inline-block;
  vertical-align: middle;
  border-radius: 30px;
  margin: .20rem;
  font-size: 1rem;
  color: #666666;
  background: #ffffff;
  border: 1px solid #666666;
}

button:hover {
  border: 1px solid #666666;
  background: #666666;
  color: #ffffff;
}
.top-head-image img {
    max-width: 100%;
    width: 150px;
    margin-bottom: 0px;
}

h5.head-title {
    margin: 0 !important;
    padding: 0;
    font-family: 'Krub', sans-serif;
    color: #000;
    letter-spacing: 0;
    text-transform: unset;
    font-size: 18px;
    font-weight: 600;
}

.top-head-image h5.head-title {
    max-width: 60%;
    margin: 10px auto 0 !important;
    display: block;
    text-align: center;
    font-family: 'Krub', sans-serif;
    color: #000;
    letter-spacing: 0;
}
.checkout-text-octifi{
    margin-bottom: 0;
}
p#OpenDialog {
    color: #35b0e4;
    cursor: pointer;
}
.cstm-row {
    display: flex;
    align-items: flex-start;
    flex-wrap: wrap;
    margin-left: -15px;
    margin-right: -15px;
    padding: 0 10px;
}
.checkout-card img {
    width: 57%;
}

.cstm-row .cstm-col {
    flex: 0 0 33%;
    max-width: 33%;
    padding-left: 15px;
    padding-right: 15px;
}
.checkout-card h6 {
    margin: 0;
    padding: 0;
    max-width: 65%;
    margin: 0 auto 0 !important;
    display: block;
    text-align: center;
    font-family: 'Krub', sans-serif;
    color: #000;
    font-size: 16px;
    min-height: 70px;
    letter-spacing: 0;
}

.checkout-card p {
    color: #888;
    font-size: 14px;
}
.both-debit p {
    max-width: 90%;
    margin: 0 auto;
}
.checkout-card p b {
    color: #000;
}
ul.payment-img {
    list-style: none;
    margin: 0 0 20px;
    padding: 0;
}

ul.payment-img li {
    display: inline-block;
    width: 13%;
}

ul.payment-img li img {
    width: 60px;
    vertical-align: middle;
}
ul.payment-img li.american-img img {
    width: 45px;
}
.footer-title {
    margin-top: 20px;
}
.footer-title h5.head-title {
    font-size: 18px;
    margin-bottom: 10px !important;
}
.both-debit p {
    max-width: 90%;
    margin: 0 auto;
}

.footer-title h5.head-title {
    font-size: 18px;
    margin-bottom: 10px !important;
}

.footer-title {
    margin-top: 20px;
}

.link-footer p {
    font-size: 13px;
    color: #000;
    font-family: 'Krub', sans-serif;
    line-height: 1.3;
    margin-bottom: 0;
}

.link-footer p a {
    display: block;   
    text-decoration-color: #000;
    color: #29abe2;
    font-weight: 500;
    border: none !important;
    box-shadow: none;
}
.link-footer p a:hover {
    box-shadow: none !important;
}
.link-footer p a:focus {
    outline: none;
    box-shadow: none;
}
.modal-ocitifi .moda-ocitifi-dialog .popup-overlay .popup-content .close-btn {
    position: absolute;
    right: 20px;
    top: 20px;
    color: #000 !important;
    background: #d1d1d1;
    display: inline-block;
    width: 30px;
    height: 30px;
    line-height: 30px;
    border-radius: 100px;
    font-weight: bold;
}
.modal-backdrop {
    z-index: 1050;
}
.modal-ocitifi {
    z-index: 1060;
}
.modal-ocitifi .moda-ocitifi-dialog .popup-overlay .popup-content{
    position: relative;
}
body.popup-new {
    overflow: hidden;
}
@media (max-width: 1200px){
    .popup-overlay{
            width: 100%;
    max-width: 600px;
    }
    ul.payment-img li {
        display: inline-block;
        width: 16%;
    }
}
@media(max-width:767px){
    .modal-ocitifi {    
        overflow: hidden;
        max-width: calc(100% - 7%) !important;
        max-height: 100%;
        height: 100vh;
        padding: 15px 0;
    }

    .modal-ocitifi .moda-ocitifi-dialog {
        min-height: auto !important;
        height: 100%;
    }

    .modal-ocitifi .moda-ocitifi-dialog .popup-overlay {
        top: 0 !important;
        transform: none;
        transform: none;
        position: initial !important;
        padding-right: 0;
        overflow: hidden;
        max-height: 100%;
        border-radius: 8px;
        padding: 0px;
        height: 100%;
    }

    .modal-ocitifi .moda-ocitifi-dialog .popup-overlay .popup-content {
        max-height: calc(100vh - 30px);
        overflow-y: auto;
        overflow-x: hidden;
            padding-top: 30px;
                padding-bottom: 30px;
    }
    .modal-ocitifi {
        margin: 0;
        max-width: 80%;
        margin: 0 auto;
    }
    .modal-ocitifi .popup-overlay {
        margin: 0;
        max-width: 100%;
    }
    .modal-ocitifi .moda-ocitifi-dialog .modal-content-wrap {
        height: 100%;
    }
}   
@media (max-width: 575px){
    .popup-overlay {
        width: 100%;
        max-width: 85%;
        padding: 25px 15px;
        border-radius: 70px;
    }
    .cstm-row .cstm-col {
        flex: 0 0 100%;
        max-width: 100%;
    }
    .top-head-image h5.head-title {
        max-width: 75%;
    }
    .checkout-card h6{
            margin: 0 auto 7px !important;
        min-height: auto;
    }
    ul.payment-img li {

        width: 20%;
    }
    .checkout-card p {
        max-width: 80%;
        margin: 0 auto 0;
    }
    
.modal-ocitifi.show .popup-overlay.active {
    top: 100%;
}
}

@media (max-width: 480px){
    .top-head-image h5.head-title {
        max-width: 90%;
    }
    .checkout-card p {
        max-width: 90%;
    }
    .checkout-card img {
        width: 40%;
    }

}
@media (max-width: 420px){
    .top-head-image h5.head-title , .checkout-card p{
        max-width: 100%;
    }
    h5.head-title {
        font-size: 16px;
    }
    ul.payment-img li {
        width: 30%;
    }
    .top-head-image img {
        
        width: 120px;
    }
}
</style>
<script>
jQuery( document ).ready(function() {
jQuery('body').on('click','#OpenDialog',function(){ 
    console.log('clciked');
  jQuery('body').append('<div class="modal-backdrop fade show"></div>');
  jQuery(".popup-overlay, .popup-content").addClass("active");
   jQuery(".modal-ocitifi").addClass("show");
  
});

jQuery('body').on('click','#OpenDialog',function(){ 
    console.log('clciked');
     jQuery("body").addClass("popup-new");
  jQuery(".popup-overlay, .popup-content").addClass("active");
    
});


//removes the "active" class to .popup and .popup-content when the "Close" button is clicked 


jQuery(document).on('click','.modal-backdrop',function(){
    
    jQuery(".popup-overlay, .popup-content").removeClass("active");
       jQuery(".modal-ocitifi").removeClass("show");
    jQuery(this).remove();  
});

jQuery(document).on('click','.close-btn',function(){
    
    jQuery(".popup-overlay, .popup-content").removeClass("active");
       jQuery(".modal-ocitifi").removeClass("show");
        jQuery("body").removeClass("popup-new");
    jQuery(".modal-backdrop").remove(); 
});

});
</script>]]></add>
        </operation>
    </file>
    <file path="catalog/view/theme/*/template/common/header.twig">
        <operation>
            <search><![CDATA[</head>]]></search>
            <add position="before"><![CDATA[{% if payment_octifi_mode == 1 %}
<script src="https://storage.googleapis.com/bucket.octifi.me/websdk/octifi-websdk.js"></script>
{% else %}
<script src="https://storage.googleapis.com/bucket.octifi.com/websdk/octifi-websdk.js"></script>
{% endif %}
    <script>
  var url = window.location.toString();
  var search= url.search("data")
  if(search==-1)
  {

  }
  else
  {
    var bbc = url.replace("?data=", '&data=');
    window.location= bbc;
  }
</script>]]></add>
        </operation>
    </file>

<file path="catalog/controller/common/header.php">
        <operation>
            <search><![CDATA[$data['name'] = $this->config->get('config_name');]]></search>
            <add position="before"><![CDATA[$data['payment_octifi_statues']=$this->config->get('payment_octifi_status');
        $data['payment_octifi_mode']=$this->config->get('payment_octifi_test_mode');]]></add>
        </operation>
</file>

<file path="catalog/controller/checkout/success.php">
        <operation>
            <search><![CDATA[$this->document->setTitle($this->language->get('heading_title'));]]></search>
            <add position="before"><![CDATA[if(isset($this->session->data['error_octifi']))
        {
            $data['error_octifi']=$this->session->data['error_octifi'];
            unset($this->session->data['error_octifi']);
        }]]></add>
        </operation>
</file>
<file path="catalog/view/theme/default/template/common/success.twig">
        <operation>
            <search><![CDATA[ <h1>{{ heading_title }}</h1>]]></search>
            <add position="before"><![CDATA[{% if error_octifi %}
    <div class="alert alert-danger" role="alert">
  <h4><center> Your payment is failed with OctiFi System{{ error_octifi }} </center></h4>
</div>
    {% else %}
    {% endif %}]]></add>
        </operation>
</file>
<file path="admin/model/sale/order.php">
        <operation>
            <search><![CDATA[ public function getTotalEmailsByProductsOrdered($products) {]]></search>
            <add position="before"><![CDATA[public function getOctifiinformation($order_id)
    {
        $query = $this->db->query("SELECT * FROM `" . DB_PREFIX . "octifi` WHERE order_id = '" . (int)$order_id . "'");

        return $query->row;
    }]]></add>
        </operation>
</file>
<file path="admin/controller/sale/order.php">
        <operation>
            <search><![CDATA[$data['store_name'] = $order_info['store_name'];]]></search>
            <add position="after"><![CDATA[/*octifi payment method code add*/
                $testmode=$this->config->get('payment_octifi_test_mode');
                if(isset($this->session->data['message']))
        {
            $data['msg']=$this->session->data['message'];
            unset($this->session->data['message']);
            //print_r($data['msg']);die();
        }
        else{

        }
        $octifi_information=$this->model_sale_order->getOctifiinformation($order_id);
        $private_key=$this->config->get('payment_octifi_private_key');
        if($octifi_information)
        {
            if($octifi_information['charge_id'] !="")
            {
            $tocken=$octifi_information['charge_id'];
            if($testmode==1)
            {
             $url1="https://k2.octifi.me/api/v1/charge/detail/".$tocken."/";
            }
            else{
             $url1="https://k2.octifi.com/api/v1/charge/detail/".$tocken."/";
            }
           
            $ch1 = curl_init($url1);
            curl_setopt($ch1, CURLOPT_RETURNTRANSFER, true);
            curl_setopt($ch1, CURLINFO_HEADER_OUT, true);
            curl_setopt($ch1, CURLOPT_HTTPHEADER, array(
            "Content-Type: application/json",
                 'Accept: application/json',
                "Authorization: Api-Key ".$private_key,

            )
            );
            $result1 = curl_exec($ch1);

            $input1=json_decode($result1);
            $data['captured']=$input1->data->is_captured;

            if($data['captured'] == 1)
            {
                $data['capture'] = "true";
                
            }
            else{
                $data['capture'] = "false";
            }
            }
            
            
        }
        else
        {
            $data['capture'] = "";
        }
        $data['octifiinfo']=$octifi_information;
        $data['buttonaction']= $this->url->link('sale/order/capture', 'user_token=' . $this->session->data['user_token'] . '&order_id=' . (int)$this->request->get['order_id'], true);
                /*end of code*/]]></add>
        </operation>
        <operation>
            <search><![CDATA[public function shipping() {]]></search>
            <add position="before"><![CDATA[/*octifi payment method*/
                public function capture()
    {
        $testmode=$this->config->get('payment_octifi_test_mode');
        $this->load->model('sale/order');
        $order_id = $this->request->get['order_id'];
        $octifi_information=$this->model_sale_order->getOctifiinformation($order_id);
        $charge_id=$octifi_information['charge_id'];
        if($testmode==1){
        $url="https://k2.octifi.me/api/v1/charge/capture/";
        }
        else{
         $url="https://k2.octifi.com/api/v1/charge/capture/";
        }
        $private_key=$this->config->get('payment_octifi_private_key');
        $fild=array('charge_id' => $charge_id,
            );


        $payload = json_encode($fild);
        $ch = curl_init($url);
        curl_setopt($ch, CURLOPT_RETURNTRANSFER, true);
        curl_setopt($ch, CURLINFO_HEADER_OUT, true);
        curl_setopt($ch, CURLOPT_POST, true);
        curl_setopt($ch, CURLOPT_POSTFIELDS, $payload);

        // Set HTTP Header for POST request 
        curl_setopt($ch, CURLOPT_HTTPHEADER, array(
        "Content-Type: application/json",
             'Accept: application/json',
            "Authorization: Api-Key ".$private_key,

        )
        );
        $url = '';
        if (isset($this->request->get['order_id'])) {
            $url .= '&order_id=' . $this->request->get['order_id'];
        }
        //echo "<pre>"; print_r($url); echo "</pre>";die();
        // Submit the POST request
        $result = curl_exec($ch);

        $input=json_decode($result);
        //echo "<pre>"; print_r($input->data->ChargeStatus); echo "</pre>";die();
        $this->session->data['message']=$input->data->ChargeStatus;
        $this->response->redirect($this->url->link('sale/order/info', 'user_token=' . $this->session->data['user_token'] . $url, true));
        //echo "<pre>"; print_r($this->session->data['message']); echo "</pre>";
        //echo "<pre>"; print_r($charge_id); echo "</pre>";die();
    }

                /*end of code*/]]></add>
        </operation>
</file>
<file path="admin/view/template/sale/order_info.twig">
        <operation>
            <search><![CDATA[ <td><button data-toggle="tooltip" title="{{ text_shipping_method }}" class="btn btn-info btn-xs"><i class="fa fa-truck fa-fw"></i></button></td>]]></search>
            <add position="after" offset="2"><![CDATA[
                       {% if capture =="false" %}
              <tr>
                 <td>
                  <a href="{{ buttonaction }}" class="btn btn-success">Octifi Payment Captured</a>
                  {% if msg %}
                  <br/>
                 <div class="success"><center> <p>{{ msg }}</p> </center> </div>
                </div>
                   {% endif %}
                 </td>
                 <td>
                 </td>
                </tr>
              {% elseif capture =="true" %}
              <tr>
                 <td colspan="2">
                 <a href="{{ buttonaction }}" class="btn btn-success mnp">Octifi Payment Captured</a>
                  {% if msg %}
                  <br/>
                 <div class="success"><center> <p>{{ msg }}</p> </center> </div>
                </div>
                   {% endif %}

                 </td>
                </tr>
                {% else %}
                {% endif %}
                ]]></add>
        </operation>
        <operation>
            <search><![CDATA[<li class="active"><a href="#tab-history" data-toggle="tab">{{ tab_history }}</a></li>]]></search>
            <add position="after" offset="4"><![CDATA[{% if payment_method == "Octifi Payment" %}
          <li><a href="#tab-octifi" data-toggle="tab">Octifi</a></li>
          {% endif %}]]></add>
        </operation>
        <operation>
            <search><![CDATA[<div class="tab-pane" id="tab-{{ tab.code }}">{{ tab.content }}</div>]]></search>
            <add position="before" offset="1"><![CDATA[          <div class="tab-pane" id="tab-octifi">
            <table class="table table-bordered">
              <tr>
                <td>OctiFi_Captured</td>
                <td>{{ captured }}</td>
              </tr>
                <tr>
                <td>OctiFi_Charge_Id</td>
                <td>{{ octifiinfo.charge_id }}</td>
              </tr>
                <tr>
                <td>OctiFi_Checkout_Token</td>
                <td>{{ octifiinfo.checkout_tocken }}</td>
              </tr>
              <tr>
                <td>OctiFi_Payment_Action</td>
                {% if octifiinfo.payment_action== "1" %}
                <td>Authorization</td>
                {% else %}
                <td>Authorise & Capture</td>
                {% endif %}
              </tr>
              <tr>
                <td>OctiFi_Txn_Number</td>
                <td>{{ octifiinfo.txn_number }}</td>
              </tr>
            </table>
          </div>]]></add>
        </operation>
        <operation>
            <search><![CDATA[{{ footer }} ]]></search>
            <add position="before"><![CDATA[<style type="text/css">
.success {
    color: #155724;
    background-color: #d4edda;
    border-color: #c3e6cb;
    margin: 10px;
    position: relative;
    padding: .75rem 1.25rem;
    margin-bottom: 1rem;
    border: 1px solid transparent;
    border-radius: .25rem;
}
a.btn.btn-success.mnp {
    pointer-events: none;
    cursor: default;
}
</style>
                ]]></add>
        </operation>
</file>
</modification>